Country,Region,HappinessScore2015,HappinessScore2016,HappinessScore2017,DifferenceYoY_2015-2016,DifferenceYoY_2016-2017,DifferenceYoY_2015-2017,EconomyAvg_2015,EconomyAvg_2016,EconomyAvg_2017,FamilyAvg_2015,FamilyAvg_2016,FamilyAvg_2017,HealthLifeExpAvg_2015,HealthLifeExpAvg_2016,HealthLifeExpAvg_2017,FreedomAvg_2015,FreedomAvg_2016,FreedomAvg_2017,TrustGovtAvg_2015,TrustGovtAvg_2016,TrustGovtAvg_2017,GenerosityAvg_2015,GenerosityAvg_2016,GenerosityAvg_2017
Australia,Australia and New Zealand,7.284,7.313,7.28399992,-0.029,0.02900008,0.00000008,1.33358,1.44443,1.484414935,1.30923,1.10476,1.510041952,0.93156,0.8512,0.843886793,0.65124,0.56837,0.601607382,0.35637,0.32331,0.47769925,0.43562,0.47407,0.30118373
New Zealand,Australia and New Zealand,7.286,7.334,7.31400013,-0.048,0.01999987,-0.02800013,1.25018,1.36066,1.405706048,1.31967,1.17278,1.548195124,0.90837,0.83096,0.816759706,0.63938,0.58147,0.61406213,0.42922,0.41904,0.500005126,0.47501,0.49401,0.382816702
Latvia,Central and Eastern Europe,5.098,5.56,5.849999905,-0.462,-0.289999905,-0.751999905,1.11312,1.21788,1.260748625,1.09562,0.95025,1.404714942,0.72437,0.63952,0.638566971,0.29671,0.27996,0.325707912,0.06332,0.0889,0.153074786,0.18226,0.17445,0.073842727
Romania,Central and Eastern Europe,5.124,5.528,5.824999809,-0.404,-0.296999809,-0.700999809,1.04345,1.1697,1.217683911,0.88588,0.72803,1.15009129,0.7689,0.67602,0.685158312,0.35068,0.36712,0.457003742,0.00649,0.00679,0.133519918,0.13748,0.12889,0.004387901
Hungary,Central and Eastern Europe,4.8,5.145,5.323999882,-0.345,-0.178999882,-0.523999882,1.12094,1.24142,1.286011934,1.20215,0.93164,1.343133092,0.75905,0.67608,0.687763453,0.32112,0.1977,0.175863519,0.02758,0.04472,0.078401662,0.128,0.099,0.036636937
Bulgaria,Central and Eastern Europe,4.218,4.217,4.714000225,0.001,-0.497000225,-0.496000225,1.01216,1.11306,1.161459088,1.10614,0.92542,1.434379458,0.76649,0.67806,0.70821768,0.30587,0.21219,0.289231718,0.00872,0.00615,0.113177694,0.11921,0.12793,0.011051531
Turkmenistan,Central and Eastern Europe,5.548,5.658,5.822000027,-0.11,-0.164000027,-0.274000027,0.95847,1.08017,1.130776763,1.22668,1.03817,1.493149161,0.53886,0.44006,0.43772608,0.4761,0.37408,0.418271929,0.30844,0.28467,0.249924988,0.16979,0.22567,0.25927034
Serbia,Central and Eastern Europe,5.123,5.177,5.394999981,-0.054,-0.217999981,-0.271999981,0.92053,1.03437,1.069317579,1.00964,0.81329,1.258189797,0.74836,0.6458,0.650784671,0.20107,0.15718,0.208715528,0.02617,0.04339,0.220125884,0.19231,0.20737,0.040903781
Tajikistan,Central and Eastern Europe,4.786,4.996,5.040999889,-0.21,-0.044999889,-0.254999889,0.39047,0.48835,0.524713635,0.85563,0.75602,1.271463275,0.57379,0.53119,0.529235125,0.47216,0.43408,0.471566707,0.15072,0.13509,0.248997644,0.22974,0.25998,0.146377146
Russia,Central and Eastern Europe,5.716,5.856,5.962999821,-0.14,-0.106999821,-0.246999821,1.13764,1.23228,1.281778097,1.23617,1.05261,1.469282389,0.66926,0.58991,0.547349334,0.36679,0.32682,0.373783112,0.03005,0.03586,0.052263822,0.00199,0.02736,0.032962881
Bosnia and Herzegovina,Central and Eastern Europe,4.949,5.163,5.18200016,-0.214,-0.01900016,-0.23300016,0.83223,0.93383,0.982409418,0.91916,0.64367,1.069335938,0.79081,0.70766,0.705186307,0.09245,0.09511,0.204403177,0.00227,0,0.328867495,0.24808,0.29889,0
Estonia,Central and Eastern Europe,5.429,5.517,5.611000061,-0.088,-0.094000061,-0.182000061,1.15174,1.27964,1.32087934,1.22791,1.05163,1.4766711,0.77361,0.68098,0.695168316,0.44888,0.41511,0.47913143,0.15184,0.18519,0.098890811,0.0868,0.08423,0.183248922
Poland,Central and Eastern Europe,5.791,5.835,5.97300005,-0.044,-0.13800005,-0.18200005,1.12555,1.24585,1.291787863,1.27948,1.04685,1.44571197,0.77903,0.69058,0.699475348,0.53122,0.4519,0.520342112,0.04212,0.055,0.158465967,0.16759,0.14443,0.059307806
Macedonia,Central and Eastern Europe,5.007,5.121,5.175000191,-0.114,-0.054000191,-0.168000191,0.91851,1.0193,1.064577937,1.00232,0.78236,1.207893014,0.73545,0.64738,0.644948184,0.33457,0.27668,0.325905979,0.05327,0.07047,0.253760964,0.22359,0.23507,0.060277794
Czech Republic,Central and Eastern Europe,6.505,6.596,6.609000206,-0.091,-0.013000206,-0.104000206,1.17898,1.30915,1.352682352,1.20643,1.00793,1.433885217,0.84483,0.76376,0.754444003,0.46364,0.41418,0.490946174,0.02652,0.03986,0.088106759,0.10686,0.09929,0.036872927
Slovakia,Central and Eastern Europe,5.995,6.078,6.09800005,-0.083,-0.02000005,-0.10300005,1.16891,1.27973,1.325393558,1.26999,1.08268,1.505059242,0.78902,0.70367,0.712732911,0.31751,0.23391,0.295817465,0.03431,0.02947,0.136544481,0.16893,0.13837,0.024210852
Lithuania,Central and Eastern Europe,5.833,5.813,5.90199995,0.02,-0.08899995,-0.06899995,1.14723,1.2692,1.314582348,1.25745,1.06411,1.473516107,0.73128,0.64674,0.62894994,0.21342,0.18929,0.234231785,0.01031,0.0182,0.010164657,0.02641,0.02025,0.011865643
Montenegro,Central and Eastern Europe,5.192,5.161,5.236999989,0.031,-0.075999989,-0.044999989,0.97438,1.07838,1.121129036,0.90557,0.74173,1.238376498,0.72521,0.63533,0.667464674,0.1826,0.15111,0.194989055,0.14296,0.12721,0.197911024,0.1614,0.17191,0.088174194
Armenia,Central and Eastern Europe,4.35,4.36,4.375999928,-0.01,-0.015999928,-0.025999928,0.76821,0.86086,0.900596738,0.77711,0.62477,1.007483721,0.7299,0.64083,0.637524426,0.19847,0.14037,0.198303267,0.039,0.03616,0.083488092,0.07855,0.07793,0.026674422
Azerbaijan,Central and Eastern Europe,5.212,5.291,5.234000206,-0.079,0.056999794,-0.022000206,1.02389,1.12373,1.153601766,0.93793,0.76042,1.152400255,0.64045,0.54504,0.540775776,0.3703,0.35327,0.398155838,0.16065,0.17914,0.04526934,0.07799,0.0564,0.180987507
Georgia,Central and Eastern Europe,4.297,4.252,4.285999775,0.045,-0.033999775,0.011000225,0.7419,0.83792,0.950612664,0.38562,0.19249,0.570614934,0.72926,0.64035,0.649546981,0.40577,0.32461,0.309410036,0.38331,0.3188,0.054008815,0.05547,0.06786,0.251666635
Uzbekistan,Central and Eastern Europe,6.003,5.987,5.971000195,0.016,0.015999805,0.031999805,0.63244,0.73591,0.786441088,1.34043,1.1681,1.54896915,0.59772,0.50163,0.498272628,0.65821,0.60848,0.658248663,0.30826,0.28333,0.415983647,0.22837,0.34326,0.246528223
Kazakhstan,Central and Eastern Europe,5.855,5.919,5.818999767,-0.064,0.100000233,0.036000233,1.12254,1.22943,1.28455627,1.12241,0.95544,1.384369016,0.64368,0.57386,0.606041551,0.51649,0.4052,0.437454283,0.08454,0.11132,0.201964423,0.11827,0.15011,0.119282886
Moldova,Central and Eastern Europe,5.889,5.897,5.837999821,-0.008,0.059000179,0.051000179,0.59448,0.69177,0.72887063,1.01528,0.83132,1.251825571,0.61826,0.52309,0.589465201,0.32818,0.25202,0.240729049,0.01615,0.01903,0.208779126,0.20951,0.19997,0.010091286
Slovenia,Central and Eastern Europe,5.848,5.768,5.757999897,0.08,0.010000103,0.090000103,1.18498,1.29947,1.341205955,1.27385,1.05613,1.452518821,0.87337,0.79151,0.790828228,0.60855,0.53164,0.572575808,0.03787,0.03635,0.242649093,0.25328,0.25738,0.045128979
Belarus,Central and Eastern Europe,5.813,5.802,5.568999767,0.011,0.233000233,0.244000233,1.03192,1.13062,1.15655756,1.23289,1.04993,1.444945216,0.73608,0.63104,0.637714267,0.37938,0.29091,0.295400262,0.1909,0.17457,0.155137509,0.11046,0.13942,0.156313822
Kyrgyzstan,Central and Eastern Europe,5.286,5.185,5.004000187,0.101,0.180999813,0.281999813,0.47428,0.56044,0.596220076,1.15115,0.95434,1.394238591,0.65088,0.55449,0.553457797,0.43477,0.40212,0.454943389,0.04232,0.04762,0.428580374,0.3003,0.38432,0.039439179
Kosovo,Central and Eastern Europe,5.589,5.401,5.278999805,0.188,0.122000195,0.310000195,0.80148,0.90145,0.951484382,0.81198,0.66062,1.137853503,0.63132,0.54,0.54145205,0.24749,0.14396,0.260287941,0.04741,0.06547,0.319931448,0.2831,0.27992,0.057471618
Albania,Central and Eastern Europe,4.959,4.655,4.644000053,0.304,0.010999947,0.314999947,0.87867,0.9553,0.996192753,0.80434,0.50163,0.803685248,0.81325,0.73007,0.731159747,0.35733,0.31866,0.381498635,0.06413,0.05301,0.201312944,0.14272,0.1684,0.039864216
Croatia,Central and Eastern Europe,5.759,5.488,5.293000221,0.271,0.194999779,0.465999779,1.08254,1.18649,1.222556233,0.79624,0.60809,0.967983007,0.78805,0.70524,0.701288521,0.25883,0.23907,0.255772293,0.0243,0.04002,0.248002976,0.05444,0.18434,0.04310311
Ukraine,Central and Eastern Europe,4.681,4.324,4.096000195,0.357,0.227999805,0.584999805,0.79907,0.87287,0.894651949,1.20278,1.01413,1.394537568,0.6739,0.58628,0.575903952,0.25123,0.12859,0.122974776,0.02961,0.01829,0.270061463,0.15275,0.20363,0.023029471
China,Eastern Asia,5.14,5.245,5.272999763,-0.105,-0.027999763,-0.132999763,0.89012,1.0278,1.081165791,0.94675,0.79381,1.160837412,0.81658,0.73561,0.741415501,0.51697,0.44012,0.472787708,0.02781,0.02745,0.028806841,0.08185,0.04959,0.022794275
Hong Kong,Eastern Asia,5.474,5.458,5.472000122,0.016,-0.014000122,0.001999878,1.38604,1.5107,0,1.05818,0.87021,0,1.01328,0.95277,0,0.59608,0.48079,0,0.37124,0.31647,0,0.39478,0.40097,0
Japan,Eastern Asia,5.987,5.921,5.920000076,0.066,0.000999924,0.066999924,1.27074,1.38007,1.416915178,1.25712,1.06054,1.436337829,0.99111,0.91491,0.913475871,0.49615,0.46761,0.505625546,0.1806,0.18985,0.120572768,0.10705,0.10224,0.163760737
Mongolia,Eastern Asia,4.874,4.907,4.954999924,-0.033,-0.047999924,-0.080999924,0.82819,0.98853,1.027235866,1.3006,1.08983,1.493011236,0.60268,0.55469,0.557783484,0.43626,0.35972,0.394143969,0.02666,0.03285,0.33846423,0.3323,0.34539,0.032902289
South Korea,Eastern Asia,5.984,5.835,5.837999821,0.149,-0.002999821,0.146000179,1.24461,1.35948,1.401678443,0.95774,0.72194,1.128274441,0.96538,0.88645,0.900214076,0.33208,0.25168,0.257921666,0.07857,0.07716,0.206674367,0.18557,0.18824,0.063282669
Taiwan,Eastern Asia,6.298,6.379,6.421999931,-0.081,-0.042999931,-0.123999931,1.29098,1.39729,0,1.07617,0.92624,0,0.8753,0.79565,0,0.3974,0.32377,0,0.08129,0.0663,0,0.25376,0.25495,0
Suriname,Latin America and Caribbean,6.269,6.269,4.138999939,0,2.130000061,2.130000061,0.99534,1.09686,0,0.972,0.77866,0,0.6082,0.50933,0,0.59657,0.52234,0,0.13633,0.12692,0,0.16991,0.16665,0
Venezuela,Latin America and Caribbean,6.81,6.084,5.25,0.726,0.834,1.56,1.04424,1.13367,1.128431201,1.25596,1.03302,1.431337595,0.72052,0.61904,0.617144227,0.42908,0.19847,0.153997123,0.11069,0.08304,0.06501963,0.05841,0.0425,0.064491123
Haiti,Latin America and Caribbean,4.518,4.028,3.602999926,0.49,0.425000074,0.915000074,0.26673,0.34097,0.368610263,0.74302,0.29561,0.640449822,0.38847,0.27494,0.27732113,0.24425,0.12072,0.030369857,0.17175,0.14476,0.489203781,0.46187,0.47958,0.09987215
Mexico,Latin America and Caribbean,7.187,6.778,6.578000069,0.409,0.199999931,0.608999931,1.02054,1.11508,1.153183818,0.91451,0.7146,1.21086216,0.81444,0.71143,0.709978998,0.48181,0.37709,0.412730008,0.21312,0.18355,0.120990433,0.14074,0.11735,0.132774115
Jamaica,Latin America and Caribbean,5.709,5.51,5.31099987,0.199,0.19900013,0.39800013,0.81038,0.89333,0.925579309,1.15102,0.96372,1.368218064,0.68741,0.59469,0.641022384,0.50442,0.43597,0.474307239,0.02299,0.04294,0.233818337,0.2123,0.22245,0.055267781
Paraguay,Latin America and Caribbean,5.878,5.538,5.493000031,0.34,0.044999969,0.384999969,0.75985,0.89373,0.932537317,1.30477,1.11111,1.50728488,0.66098,0.58295,0.579250693,0.53899,0.46235,0.473507792,0.08242,0.07396,0.224150658,0.3424,0.25296,0.091065913
Brazil,Latin America and Caribbean,6.983,6.952,6.635000229,0.031,0.316999771,0.347999771,0.98124,1.08754,1.10735321,1.23287,1.03938,1.431306005,0.69702,0.61415,0.616552353,0.49049,0.40425,0.437453747,0.17521,0.14166,0.162349895,0.14574,0.15776,0.111092761
Panama,Latin America and Caribbean,6.786,6.701,6.452000141,0.085,0.248999859,0.333999859,1.06353,1.18306,1.233748436,1.1985,0.98912,1.373192549,0.79661,0.70835,0.706156135,0.5421,0.48927,0.550026834,0.0927,0.08423,0.210556939,0.24434,0.2418,0.070983924
Costa Rica,Latin America and Caribbean,7.226,7.087,7.078999996,0.139,0.008000004,0.147000004,0.95578,1.06879,1.109706283,1.23788,1.02152,1.416403651,0.86027,0.76146,0.759509265,0.63376,0.55225,0.58013165,0.10583,0.10547,0.214613229,0.25497,0.22553,0.100106589
El Salvador,Latin America and Caribbean,6.13,6.068,6.002999783,0.062,0.065000217,0.127000217,0.76454,0.8737,0.909784496,1.02507,0.80975,1.182125092,0.67737,0.596,0.596018553,0.4035,0.37269,0.43245253,0.11776,0.10613,0.078257985,0.10692,0.08877,0.08998096
Colombia,Latin America and Caribbean,6.477,6.481,6.356999874,-0.004,0.124000126,0.120000126,0.91861,1.03032,1.070622325,1.24018,1.02169,1.402182937,0.69077,0.59659,0.595027924,0.53466,0.44735,0.477487415,0.0512,0.05399,0.149014473,0.18401,0.15626,0.046668742
Peru,Latin America and Caribbean,5.824,5.743,5.715000153,0.081,0.027999847,0.108999847,0.90019,0.99602,1.035225272,0.97459,0.81255,1.218770385,0.73017,0.62994,0.630166113,0.41496,0.37502,0.450002879,0.05989,0.05292,0.126819715,0.14982,0.14527,0.047049087
Bolivia,Latin America and Caribbean,5.89,5.822,5.822999954,0.068,-0.000999954,0.067000046,0.68133,0.79422,0.833756566,0.97841,0.83779,1.227619052,0.5392,0.4697,0.47363025,0.57414,0.50961,0.558732927,0.088,0.07746,0.225560725,0.20536,0.21698,0.060477726
Uruguay,Latin America and Caribbean,6.485,6.545,6.453999996,-0.06,0.091000004,0.031000004,1.06166,1.18157,1.217559695,1.2089,1.03143,1.412227869,0.8116,0.72183,0.719216824,0.60362,0.54388,0.579392254,0.24558,0.21394,0.175096929,0.2324,0.18056,0.178061873
Chile,Latin America and Caribbean,6.67,6.705,6.65199995,-0.035,0.05300005,0.01800005,1.10715,1.2167,1.25278461,1.12447,0.90587,1.284024954,0.85857,0.81883,0.819479704,0.44132,0.37789,0.376895279,0.12869,0.11451,0.326662421,0.33363,0.31595,0.082287982
Trinidad and Tobago,Latin America and Caribbean,6.168,6.168,6.168000221,0,-0.000000221,-0.000000221,1.21183,1.32572,1.361355901,1.18354,0.98569,1.380228519,0.61483,0.52608,0.519983292,0.55884,0.48453,0.518630743,0.0114,0.01241,0.325296462,0.31844,0.31935,0.008964816
Argentina,Latin America and Caribbean,6.574,6.65,6.598999977,-0.076,0.051000023,-0.024999977,1.05351,1.15137,1.185295463,1.24823,1.06612,1.440451145,0.78723,0.69711,0.695137084,0.44974,0.42284,0.494519204,0.08484,0.07296,0.109457061,0.11451,0.10989,0.059739888
Ecuador,Latin America and Caribbean,5.975,5.976,6.007999897,-0.001,-0.031999897,-0.032999897,0.86402,0.97306,1.000820398,0.99903,0.85974,1.286168814,0.79075,0.68613,0.685636222,0.48574,0.4027,0.455198199,0.1809,0.18037,0.150112465,0.11541,0.10074,0.140134647
Nicaragua,Latin America and Caribbean,5.828,5.992,6.071000099,-0.164,-0.079000099,-0.243000099,0.59325,0.69384,0.737299204,1.14184,0.89521,1.28721571,0.74314,0.65213,0.653095961,0.55475,0.46582,0.447551847,0.19317,0.16292,0.301674217,0.27815,0.29773,0.130687982
Guatemala,Latin America and Caribbean,6.123,6.324,6.453999996,-0.201,-0.129999996,-0.330999996,0.74553,0.83454,0.872001946,1.04356,0.87119,1.255585194,0.64425,0.54039,0.54023999,0.57733,0.50379,0.531310618,0.09472,0.08701,0.283488393,0.27489,0.28808,0.077223279
Dominican Republic,Latin America and Caribbean,4.885,5.155,5.230000019,-0.27,-0.075000019,-0.345000019,0.89537,1.02787,1.079373837,1.17202,0.99496,1.402416706,0.66825,0.57669,0.574873745,0.57672,0.52259,0.552589834,0.14234,0.12372,0.18696785,0.21684,0.21286,0.113945253
Honduras,Latin America and Caribbean,4.788,4.871,5.181000233,-0.083,-0.310000233,-0.393000233,0.59532,0.69429,0.730573118,0.95348,0.75596,1.143944979,0.6951,0.58383,0.58256948,0.40148,0.26755,0.34807986,0.06825,0.06906,0.236188874,0.23027,0.2044,0.073345453
Algeria,Middle East and Northern Africa,5.605,6.355,5.872000217,-0.75,0.482999783,-0.267000217,0.93929,1.05266,1.091864467,1.07772,0.83309,1.146217465,0.61766,0.61804,0.617584646,0.28579,0.21006,0.233335808,0.17383,0.16157,0.069436647,0.07822,0.07044,0.14609611
Bahrain,Middle East and Northern Africa,5.96,6.218,6.086999893,-0.258,0.131000107,-0.126999893,1.32376,1.44024,1.488412261,1.21624,0.94397,1.323110461,0.74716,0.65696,0.653133035,0.45492,0.47375,0.536746919,0.306,0.25772,0.172668487,0.17362,0.17147,0.25704217
Egypt,Middle East and Northern Africa,4.194,4.362,4.735000134,-0.168,-0.373000134,-0.541000134,0.8818,0.95395,0.989701807,0.747,0.49813,0.997471392,0.61712,0.52116,0.520187259,0.17288,0.18847,0.282110155,0.06324,0.10393,0.128631443,0.11291,0.12706,0.114381365
Iran,Middle East and Northern Africa,4.686,4.813,4.691999912,-0.127,0.121000088,-0.005999912,1.0088,1.11758,1.156873107,0.54447,0.38857,0.711551249,0.69805,0.64232,0.639333189,0.30033,0.22544,0.249322608,0.05863,0.0557,0.387242913,0.38086,0.38538,0.048761073
Iraq,Middle East and Northern Africa,4.677,4.575,4.497000217,0.102,0.077999783,0.179999783,0.98549,1.07474,1.102710485,0.81889,0.59205,0.978613198,0.60237,0.51076,0.50118047,0,0.24856,0.288555533,0.13788,0.13636,0.199637264,0.17922,0.19589,0.107215755
Israel,Middle East and Northern Africa,7.278,7.267,7.212999821,0.011,0.054000179,0.065000179,1.22857,1.33766,1.375382423,1.22393,0.99537,1.376289964,0.91387,0.84917,0.838404,0.41319,0.36432,0.405988604,0.07785,0.08728,0.330082655,0.33172,0.32288,0.0852421
Jordan,Middle East and Northern Africa,5.192,5.303,5.335999966,-0.111,-0.032999966,-0.143999966,0.90198,0.99673,0.991012394,1.05392,0.86216,1.239088893,0.69639,0.60712,0.604590058,0.40661,0.36023,0.418421149,0.14293,0.13297,0.17217046,0.11053,0.14262,0.119803272
Kuwait,Middle East and Northern Africa,6.295,6.239,6.105000019,0.056,0.133999981,0.189999981,1.55422,1.61714,1.632952452,1.16594,0.87758,1.259698749,0.72492,0.63569,0.632105708,0.55499,0.43166,0.496337593,0.25609,0.23669,0.228289798,0.16228,0.15965,0.21515955
Lebanon,Middle East and Northern Africa,4.839,5.129,5.224999905,-0.29,-0.095999905,-0.385999905,1.02564,1.12268,1.074987531,0.80001,0.64184,1.129624248,0.83947,0.76171,0.735081077,0.33916,0.26228,0.288515985,0.04582,0.03061,0.264450759,0.21854,0.23693,0.03751383
Libya,Middle East and Northern Africa,5.754,5.615,5.525000095,0.139,0.089999905,0.228999905,1.13145,1.06688,1.101803064,1.11862,0.95076,1.35756433,0.7038,0.52304,0.52016902,0.41668,0.40672,0.46573323,0.11023,0.10339,0.152073666,0.18295,0.17087,0.09261021
Morocco,Middle East and Northern Africa,5.013,5.151,5.235000134,-0.138,-0.084000134,-0.222000134,0.73479,0.84058,0.878114581,0.64095,0.38595,0.774864435,0.60954,0.59471,0.597710669,0.41691,0.25646,0.408158332,0.08546,0.08404,0.032209955,0.07172,0.04053,0.087763183
Palestinian Territories,Middle East and Northern Africa,4.715,4.754,4.775000095,-0.039,-0.021000095,-0.060000095,0.59867,0.67024,0.716249228,0.92558,0.71629,1.155647159,0.66015,0.56844,0.565666974,0.24499,0.17744,0.254711062,0.12905,0.10613,0.114173174,0.11251,0.11154,0.089282602
Qatar,Middle East and Northern Africa,6.611,6.375,6.375,0.236,0,0.236,1.69042,1.82427,1.870765686,1.0786,0.87964,1.27429688,0.79733,0.71723,0.710098088,0.6404,0.56679,0.604130983,0.52208,0.48049,0.33047387,0.32573,0.32388,0.439299256
Saudi Arabia,Middle East and Northern Africa,6.411,6.379,6.343999863,0.032,0.035000137,0.067000137,1.39541,1.48953,1.530623555,1.08393,0.84829,1.286677599,0.72025,0.59267,0.59014833,0.31048,0.37904,0.449750572,0.32524,0.30008,0.147616014,0.13706,0.15457,0.273432255
Syria,Middle East and Northern Africa,3.006,3.069,3.461999893,-0.063,-0.392999893,-0.455999893,0.6632,0.74719,0.777153134,0.47489,0.14866,0.396102607,0.72193,0.62994,0.500533342,0.15684,0.06912,0.081539445,0.18906,0.17233,0.493663728,0.47179,0.48397,0.151347131
Tunisia,Middle East and Northern Africa,4.739,5.045,4.804999828,-0.306,0.240000172,-0.065999828,0.88113,0.97724,1.007265806,0.60429,0.43165,0.86835146,0.73793,0.59577,0.613212049,0.26268,0.23553,0.28968069,0.06358,0.0817,0.049693357,0.06431,0.03936,0.086723149
Turkey,Middle East and Northern Africa,5.332,5.389,5.5,-0.057,-0.111,-0.168,1.06098,1.16492,1.198274374,0.94632,0.87717,1.337753177,0.73172,0.64718,0.637605608,0.22815,0.23889,0.3007406,0.15746,0.12348,0.046693042,0.12253,0.04707,0.09967158
United Arab Emirates,Middle East and Northern Africa,6.901,6.573,6.647999763,0.328,-0.074999763,0.253000237,1.42727,1.57352,1.626343369,1.12575,0.87114,1.266410232,0.80925,0.72993,0.726798236,0.64157,0.56215,0.60834527,0.38583,0.35561,0.360941947,0.26428,0.26591,0.324489564
Yemen,Middle East and Northern Africa,4.077,3.724,3.592999935,0.353,0.131000065,0.484000065,0.54649,0.57939,0.591683447,0.68093,0.47493,0.935382247,0.40064,0.31048,0.310080916,0.35571,0.2287,0.249463722,0.07854,0.05892,0.104125209,0.09131,0.09821,0.056767423
Canada,North America,7.427,7.404,7.315999985,0.023,0.088000015,0.111000015,1.32629,1.44015,1.479204416,1.32261,1.0961,1.481348991,0.90563,0.8276,0.834557652,0.63297,0.5737,0.611100912,0.32957,0.31329,0.435539722,0.45811,0.44834,0.287371516
United States,North America,7.119,7.104,6.993000031,0.015,0.110999969,0.125999969,1.39451,1.50796,1.546259284,1.24711,1.04782,1.419920564,0.86179,0.779,0.774286628,0.54604,0.48163,0.505740523,0.1589,0.14868,0.392578781,0.40105,0.41077,0.135638788
Philippines,Southeastern Asia,5.073,5.279,5.429999828,-0.206,-0.150999828,-0.356999828,0.70532,0.81217,0.857699215,1.03516,0.87877,1.253917575,0.58114,0.47036,0.468009055,0.62545,0.54854,0.585214674,0.12279,0.11757,0.193513423,0.24991,0.21674,0.099331893
Cambodia,Southeastern Asia,3.819,3.907,4.168000221,-0.088,-0.261000221,-0.349000221,0.46038,0.55604,0.601765096,0.62736,0.5375,1.006238341,0.61114,0.42494,0.429783404,0.66246,0.58852,0.633375823,0.07247,0.08092,0.385922968,0.40359,0.40339,0.068105951
Malaysia,Southeastern Asia,5.77,6.005,6.084000111,-0.235,-0.079000111,-0.314000111,1.12486,1.25142,1.29121542,1.07023,0.88025,1.284646034,0.72394,0.62366,0.618784428,0.53024,0.39031,0.402264982,0.10501,0.09081,0.41660893,0.33075,0.41474,0.065600708
Myanmar,Southeastern Asia,4.307,4.395,4.545000076,-0.088,-0.150000076,-0.238000076,0.27108,0.34112,0.36711055,0.70905,0.69981,1.123235941,0.48246,0.3988,0.397522569,0.44017,0.42692,0.514492035,0.19034,0.20243,0.838075161,0.79588,0.81971,0.188816205
Thailand,Southeastern Asia,6.455,6.474,6.423999786,-0.019,0.050000214,0.031000214,0.9669,1.0893,1.127868772,1.26504,1.04477,1.425792456,0.7385,0.64915,0.647239029,0.55664,0.49553,0.580200732,0.03187,0.02833,0.57212311,0.5763,0.58696,0.031612735
Indonesia,Southeastern Asia,5.399,5.314,5.262000084,0.085,0.051999916,0.136999916,0.82827,0.95104,0.995538592,1.08708,0.87625,1.274444699,0.63793,0.49374,0.492345721,0.46611,0.39237,0.443323463,0,0.00322,0.611704588,0.51535,0.56521,0.015317135
Singapore,Southeastern Asia,6.798,6.739,6.572000027,0.059,0.166999973,0.225999973,1.52186,1.64555,1.69227767,1.02,0.86758,1.353814363,1.02525,0.94719,0.949492395,0.54252,0.4877,0.549840569,0.4921,0.46987,0.345965981,0.31105,0.32706,0.464307785
Vietnam,Southeastern Asia,5.36,5.061,5.073999882,0.299,-0.012999882,0.286000118,0.63216,0.74037,0.788547575,0.91226,0.79117,1.277491331,0.74676,0.66157,0.652168989,0.59444,0.55954,0.571055591,0.10441,0.11556,0.234968051,0.1686,0.25075,0.087633237
Afghanistan,Southern Asia,3.575,3.36,3.79399991,0.215,-0.43399991,-0.21899991,0.31982,0.38227,0.401477218,0.30285,0.11037,0.581543326,0.30335,0.17344,0.180746779,0.23414,0.1643,0.10617952,0.09719,0.07112,0.311870933,0.3651,0.31268,0.06115783
Bangladesh,Southern Asia,4.694,4.643,4.607999802,0.051,0.035000198,0.086000198,0.39753,0.54177,0.586682975,0.43106,0.24749,0.735131741,0.60164,0.52989,0.533241034,0.4082,0.39778,0.478356659,0.12569,0.12583,0.172255352,0.21222,0.19132,0.123717859
Bhutan,Southern Asia,5.253,5.196,5.011000156,0.057,0.184999844,0.241999844,0.77042,0.8527,0.885416389,1.10395,0.90836,1.340126514,0.57407,0.49759,0.495879292,0.53206,0.46074,0.501537681,0.15445,0.1616,0.474054545,0.47998,0.48546,0.17338039
India,Southern Asia,4.565,4.404,4.315000057,0.161,0.088999943,0.249999943,0.64499,0.74036,0.792221248,0.38174,0.29247,0.754372597,0.51529,0.45091,0.455427617,0.39786,0.40285,0.469987005,0.08492,0.08722,0.231538489,0.26475,0.25028,0.092226885
Nepal,Southern Asia,4.514,4.793,4.961999893,-0.279,-0.168999893,-0.447999893,0.35997,0.44626,0.479820192,0.86449,0.69699,1.179283261,0.56874,0.50073,0.504130781,0.38282,0.37012,0.440305948,0.05907,0.07008,0.394096166,0.32296,0.3816,0.072975546
Pakistan,Southern Asia,5.194,5.132,5.269000053,0.062,-0.137000053,-0.075000053,0.59543,0.68816,0.726883531,0.41411,0.26135,0.67269069,0.51466,0.40306,0.402047783,0.12102,0.14622,0.235215262,0.10464,0.1388,0.315446019,0.33671,0.31185,0.124348067
Sri Lanka,Southern Asia,4.271,4.415,6.402999878,-0.144,-1.987999878,-2.131999878,0.83524,0.97318,1.009850144,1.01905,0.84783,1.259976387,0.70806,0.62007,0.625130832,0.53726,0.50817,0.561213255,0.09179,0.07964,0.490863562,0.40828,0.46978,0.073653966
Liberia,Sub-Saharan Africa,4.571,3.622,3.532999992,0.949,0.089000008,1.038000008,0.0712,0.10706,0.119041793,0.78968,0.50353,0.872117937,0.34201,0.23165,0.229918197,0.28531,0.25748,0.332881182,0.06232,0.04852,0.266549885,0.24362,0.24063,0.038948249
Zimbabwe,Sub-Saharan Africa,4.61,4.193,3.875,0.417,0.318,0.735,0.271,0.35041,0.375846535,1.03276,0.71478,1.083095908,0.33475,0.1595,0.196763754,0.25861,0.25429,0.336384207,0.08079,0.08582,0.189143494,0.18987,0.18503,0.095375381
Zambia,Sub-Saharan Africa,5.129,4.795,4.513999939,0.334,0.281000061,0.615000061,0.47038,0.61202,0.636406779,0.91612,0.6376,1.003187299,0.29924,0.23573,0.257835895,0.48827,0.42662,0.461603492,0.12468,0.11479,0.249580145,0.19591,0.17866,0.07821355
Botswana,Sub-Saharan Africa,4.332,3.974,3.766000032,0.358,0.207999968,0.565999968,0.99355,1.09426,1.122094154,1.10464,0.89186,1.221554995,0.04776,0.34752,0.341755509,0.49495,0.44089,0.505196333,0.12474,0.10769,0.099348448,0.10461,0.12425,0.098583199
Ghana,Sub-Saharan Africa,4.633,4.276,4.119999886,0.357,0.156000114,0.513000114,0.54558,0.63107,0.667224824,0.67954,0.49353,0.873664737,0.40132,0.29681,0.295637727,0.42342,0.40973,0.423026294,0.04355,0.0326,0.256923944,0.23087,0.21203,0.02533637
Tanzania,Sub-Saharan Africa,3.781,3.666,3.348999977,0.115,0.317000023,0.432000023,0.2852,0.47155,0.511135876,1.00268,0.77623,1.041989803,0.38215,0.357,0.364509284,0.32878,0.3176,0.390017778,0.05747,0.05099,0.354256362,0.34377,0.31472,0.066035107
Malawi,Sub-Saharan Africa,4.292,4.156,3.970000029,0.136,0.185999971,0.321999971,0.01604,0.08709,0.233442038,0.41134,0.147,0.512568831,0.22562,0.29364,0.315089583,0.43054,0.4143,0.466914654,0.06977,0.07564,0.28717047,0.33128,0.30968,0.072711654
Angola,Sub-Saharan Africa,4.033,3.866,3.795000076,0.167,0.070999924,0.237999924,0.75778,0.84731,0.85842818,0.8604,0.66366,1.10441196,0.16683,0.04991,0.049868666,0.10384,0.00589,0,0.07122,0.08434,0.09792649,0.12344,0.12071,0.069720335
Congo (Kinshasa),Sub-Saharan Africa,4.517,4.272,4.28000021,0.245,-0.00800021,0.23699979,0,0.05661,0.092102349,1.0012,0.80676,1.229023457,0.09806,0.188,0.191407025,0.22605,0.15602,0.235961348,0.07625,0.06075,0.246455833,0.24834,0.25458,0.060241356
Nigeria,Sub-Saharan Africa,5.268,4.875,5.073999882,0.393,-0.198999882,0.194000118,0.65435,0.75216,0.783756256,0.90432,0.64498,1.215770483,0.16007,0.05108,0.05691573,0.34334,0.27854,0.394952565,0.0403,0.0305,0.230947196,0.27233,0.23219,0.026121566
Guinea,Sub-Saharan Africa,3.656,3.607,3.506999969,0.049,0.100000031,0.149000031,0.17417,0.22415,0.24454993,0.46475,0.3109,0.791244686,0.24009,0.18829,0.194129139,0.37725,0.30953,0.348587513,0.12139,0.1192,0.264815092,0.28657,0.29914,0.110937618
Mauritania,Sub-Saharan Africa,4.436,4.201,4.291999817,0.235,-0.090999817,0.144000183,0.45407,0.61391,0.648457289,0.86908,0.84142,1.27203083,0.35874,0.28639,0.28534928,0.24232,0.1268,0.096098043,0.17461,0.17955,0.201870024,0.219,0.22686,0.136957005
Sudan,Sub-Saharan Africa,4.55,4.139,4.440000057,0.411,-0.301000057,0.109999943,0.52107,0.63069,0.659516692,1.01404,0.81928,1.21400857,0.36878,0.29759,0.290920824,0.10081,0,0.014995855,0.1466,0.10039,0.182317451,0.19062,0.18077,0.08984752
Ethiopia,Sub-Saharan Africa,4.512,4.508,4.460000038,0.004,0.047999962,0.051999962,0.19073,0.29283,0.339233845,0.60406,0.37932,0.864669204,0.44055,0.34578,0.353409708,0.4345,0.36703,0.408842742,0.15048,0.1717,0.31265074,0.24325,0.29522,0.165455714
Madagascar,Sub-Saharan Africa,3.681,3.695,3.644000053,-0.014,0.050999947,0.036999947,0.20824,0.27954,0.305808693,0.66801,0.46115,0.913020372,0.46721,0.37109,0.375223309,0.19184,0.13684,0.189196765,0.08124,0.07506,0.20873253,0.21333,0.2204,0.067231975
Burundi,Sub-Saharan Africa,2.905,2.905,2.904999971,0,0.000000029,0.000000029,0.0153,0.06831,0.091622569,0.41587,0.23442,0.629793584,0.22396,0.15747,0.151610792,0.1185,0.0432,0.059900753,0.10062,0.09419,0.204435185,0.19727,0.2029,0.084147945
Rwanda,Sub-Saharan Africa,3.465,3.515,3.470999956,-0.05,0.044000044,-0.005999956,0.22208,0.32846,0.368745893,0.7737,0.61586,0.945707023,0.42864,0.31865,0.326424807,0.59201,0.5432,0.581843853,0.55191,0.50521,0.252756029,0.22628,0.23552,0.455220014
Somaliland region,Sub-Saharan Africa,5.057,5.057,5.151000023,0,-0.094000023,-0.094000023,0.18847,0.25558,0,0.95152,0.75862,0,0.43873,0.33108,0,0.46582,0.3913,0,0.39928,0.36794,0,0.50318,0.51479,0
Kenya,Sub-Saharan Africa,4.419,4.356,4.552999973,0.063,-0.196999973,-0.133999973,0.36471,0.52267,0.560479462,0.99876,0.7624,1.067950726,0.41435,0.30147,0.30998835,0.42215,0.40576,0.452763766,0.05839,0.06686,0.444860309,0.37542,0.41328,0.064641319
Uganda,Sub-Saharan Africa,3.931,3.739,4.080999851,0.192,-0.341999851,-0.149999851,0.21102,0.34719,0.381430715,1.13299,0.90981,1.129827738,0.33861,0.19625,0.217632607,0.45727,0.43653,0.443185955,0.07267,0.06442,0.325766057,0.29066,0.27102,0.057069719
Mauritius,Sub-Saharan Africa,5.477,5.648,5.629000187,-0.171,0.018999813,-0.152000187,1.00761,1.14372,1.189395547,0.98521,0.75695,1.20956099,0.7095,0.66189,0.638007462,0.56066,0.46145,0.491247326,0.07521,0.05203,0.360933751,0.37744,0.36951,0.042181555
Niger,Sub-Saharan Africa,3.845,3.856,4.027999878,-0.011,-0.171999878,-0.182999878,0.0694,0.1327,0.161925331,0.77265,0.6053,0.993025005,0.29707,0.26162,0.268505007,0.47692,0.38041,0.363658696,0.15639,0.17176,0.228673846,0.19387,0.2097,0.138572946
South Africa,Sub-Saharan Africa,4.642,4.459,4.828999996,0.183,-0.369999996,-0.186999996,0.92049,1.02416,1.054698706,1.18468,0.96053,1.384788632,0.27688,0.18611,0.18708007,0.33207,0.42483,0.479246736,0.08884,0.08415,0.13936238,0.11973,0.13656,0.072509497
Mali,Sub-Saharan Africa,3.995,4.073,4.190000057,-0.078,-0.117000057,-0.195000057,0.26074,0.31292,0.476180494,1.03526,0.86333,1.281473398,0.20583,0.16347,0.169365674,0.38857,0.27544,0.306613743,0.12352,0.13647,0.183354199,0.18798,0.21064,0.104970247
Sierra Leone,Sub-Saharan Africa,4.507,4.635,4.709000111,-0.128,-0.074000111,-0.202000111,0.33024,0.36485,0.368420929,0.95571,0.628,0.984136045,0,0,0.005564754,0.4084,0.30685,0.318697691,0.08786,0.08196,0.293040901,0.21488,0.23897,0.071095176
Chad,Sub-Saharan Africa,3.667,3.763,3.936000109,-0.096,-0.173000109,-0.269000109,0.34193,0.42214,0.438012987,0.76062,0.63178,0.953855872,0.1501,0.03824,0.041134715,0.23501,0.12807,0.162342027,0.05269,0.04952,0.21611385,0.18386,0.18667,0.053581882
Congo (Brazzaville),Sub-Saharan Africa,3.989,4.236,4.290999889,-0.247,-0.054999889,-0.301999889,0.67866,0.77109,0.808964252,0.6629,0.47799,0.832044363,0.31051,0.28212,0.289957434,0.41466,0.37938,0.435025871,0.11686,0.09753,0.120852128,0.12388,0.12077,0.079618134
Benin,Sub-Saharan Africa,3.34,3.484,3.657000065,-0.144,-0.173000065,-0.317000065,0.28665,0.39499,0.431085408,0.35386,0.10419,0.435299844,0.3191,0.21028,0.209930211,0.4845,0.39747,0.425962776,0.0801,0.06681,0.207948461,0.1826,0.2018,0.060929015
Cameroon,Sub-Saharan Africa,4.252,4.513,4.695000172,-0.261,-0.182000172,-0.443000172,0.4225,0.52497,0.564305365,0.88767,0.62542,0.946018219,0.23402,0.12698,0.132892117,0.49309,0.42736,0.430388749,0.05786,0.06126,0.236298457,0.20618,0.2268,0.051306631
Burkina Faso,Sub-Saharan Africa,3.587,3.739,4.032000065,-0.152,-0.293000065,-0.445000065,0.25812,0.31995,0.350227714,0.85188,0.63054,1.043280005,0.27125,0.21297,0.215844259,0.39493,0.3337,0.324367851,0.12832,0.12533,0.250864685,0.21747,0.24353,0.120328106
Ivory Coast,Sub-Saharan Africa,3.655,3.916,4.179999828,-0.261,-0.263999828,-0.524999828,0.46534,0.55507,0.603048921,0.77115,0.57576,0.90478003,0.15185,0.04476,0.04864217,0.46866,0.40663,0.447706193,0.17922,0.1553,0.20123747,0.20165,0.20338,0.130061775
Gabon,Sub-Saharan Africa,3.896,4.121,4.465000153,-0.225,-0.344000153,-0.569000153,1.06024,1.15851,1.198210239,0.90528,0.72368,1.155620217,0.43372,0.3494,0.356578588,0.31914,0.28098,0.312328577,0.11091,0.09314,0.043785378,0.06822,0.06244,0.076046787
Senegal,Sub-Saharan Africa,3.904,4.219,4.534999847,-0.315,-0.315999847,-0.630999847,0.36498,0.44314,0.479309022,0.97619,0.77416,1.179691911,0.4354,0.40457,0.409362853,0.36772,0.31056,0.377922267,0.10713,0.11681,0.183468893,0.20843,0.19103,0.115460448
Togo,Sub-Saharan Africa,2.839,3.303,3.494999886,-0.464,-0.191999886,-0.655999886,0.20868,0.28123,0.305444717,0.13995,0,0.43188253,0.28443,0.24811,0.247105569,0.36453,0.34678,0.380426139,0.10731,0.11587,0.196896151,0.16681,0.17517,0.095665015
Austria,Western Europe,7.2,7.119,7.006000042,0.081,0.112999958,0.193999958,1.33723,1.45038,1.487097263,1.29704,1.08383,1.459944963,0.89042,0.80565,0.815328419,0.62433,0.54355,0.56776619,0.18676,0.21348,0.316472322,0.33088,0.32865,0.221060365
Belgium,Western Europe,6.937,6.929,6.890999794,0.008,0.038000206,0.046000206,1.30782,1.42539,1.463780761,1.28566,1.05249,1.462312698,0.89667,0.81959,0.818091869,0.5845,0.51354,0.539770722,0.2254,0.26248,0.231503338,0.2225,0.2424,0.251343131
Cyprus,Western Europe,5.689,5.546,5.620999813,0.143,-0.074999813,0.068000187,1.20813,1.31857,1.355938077,0.89318,0.70697,1.131363273,0.92356,0.8488,0.844714701,0.40672,0.29507,0.355111539,0.06146,0.05228,0.271254301,0.30638,0.27906,0.041237976
Denmark,Western Europe,7.527,7.526,7.521999836,0.001,0.004000164,0.005000164,1.32548,1.44178,1.482383013,1.36058,1.16374,1.551121593,0.87464,0.79504,0.792565525,0.64938,0.57941,0.626006722,0.48357,0.44453,0.355280489,0.34139,0.36171,0.400770068
Finland,Western Europe,7.406,7.413,7.468999863,-0.007,-0.055999863,-0.062999863,1.29025,1.40598,1.443571925,1.31826,1.13464,1.540246725,0.88911,0.81091,0.80915767,0.64169,0.57104,0.617950857,0.41372,0.41004,0.245482773,0.23351,0.25492,0.382611543
France,Western Europe,6.575,6.478,6.441999912,0.097,0.036000088,0.133000088,1.27778,1.39488,1.430923462,1.26038,1.00508,1.387776852,0.94579,0.83795,0.844465852,0.55011,0.46562,0.470222116,0.20646,0.17808,0.129762307,0.12332,0.1216,0.172502428
Germany,Western Europe,6.75,6.994,6.951000214,-0.244,0.042999786,-0.201000214,1.32792,1.44787,1.487923384,1.29937,1.09774,1.472520351,0.89186,0.81487,0.798950732,0.61477,0.53466,0.562511384,0.21843,0.28551,0.33626917,0.28214,0.30452,0.276731938
Greece,Western Europe,4.857,5.033,5.227000237,-0.176,-0.194000237,-0.370000237,1.15406,1.24886,1.289487481,0.92933,0.75473,1.239414573,0.88213,0.80029,0.810198903,0.07699,0.05822,0.095731251,0.01397,0.04127,0,0,0,0.043289777
Iceland,Western Europe,7.561,7.501,7.504000187,0.06,-0.003000187,0.056999813,1.30232,1.42666,1.48063302,1.40223,1.18326,1.610574007,0.94784,0.86733,0.833552122,0.62877,0.56624,0.627162635,0.14145,0.14975,0.475540221,0.4363,0.47678,0.153526559
Ireland,Western Europe,6.94,6.907,6.977000237,0.033,-0.070000237,-0.037000237,1.33596,1.48341,1.535706639,1.36948,1.16157,1.558231115,0.89533,0.81455,0.809782624,0.61777,0.54008,0.573110342,0.28703,0.29754,0.427858323,0.45901,0.44963,0.298388153
Italy,Western Europe,5.948,5.977,5.964000225,-0.029,0.012999775,-0.016000225,1.25114,1.35495,1.395066619,1.19777,1.04167,1.444923282,0.95446,0.85102,0.853144348,0.26236,0.18827,0.256450713,0.02901,0.02556,0.172789648,0.22823,0.16684,0.028028091
Luxembourg,Western Europe,6.946,6.871,6.862999916,0.075,0.008000084,0.083000084,1.56391,1.69752,1.741943598,1.21963,1.03999,1.457583666,0.91894,0.84542,0.845089495,0.61583,0.5487,0.596627891,0.37798,0.35329,0.283180982,0.28034,0.27571,0.318834424
Malta,Western Europe,6.302,6.488,6.52699995,-0.186,-0.03899995,-0.22499995,1.2074,1.30782,1.343279839,1.30203,1.09879,1.488411665,0.88721,0.80315,0.821944237,0.60365,0.54994,0.588767052,0.13586,0.17554,0.574730575,0.51752,0.56237,0.153066069
Netherlands,Western Europe,7.378,7.339,7.376999855,0.039,-0.037999855,0.001000145,1.32944,1.46468,1.503944635,1.28017,1.02912,1.428939223,0.89284,0.81231,0.810696125,0.61576,0.55211,0.585384488,0.31814,0.29927,0.47048983,0.4761,0.47416,0.282661825
North Cyprus,Western Europe,5.695,5.771,5.809999943,-0.076,-0.038999943,-0.114999943,1.20806,1.31141,1.346911311,1.07008,0.81826,1.186303377,0.92356,0.84142,0.834647238,0.49027,0.43596,0.471203625,0.1428,0.16578,0.266845703,0.26169,0.26322,0.155353352
Norway,Western Europe,7.522,7.498,7.537000179,0.024,-0.039000179,-0.015000179,1.459,1.57744,1.616463184,1.33095,1.1269,1.53352356,0.88521,0.79579,0.796666503,0.66973,0.59609,0.635422587,0.36503,0.35776,0.362012237,0.34699,0.37895,0.315963835
Portugal,Western Europe,5.102,5.123,5.195000172,-0.021,-0.072000172,-0.093000172,1.15991,1.27607,1.315175295,1.13935,0.94367,1.367043018,0.87519,0.79363,0.795843542,0.51469,0.44727,0.4984653,0.01078,0.01521,0.095102713,0.13719,0.11691,0.015869452
Spain,Western Europe,6.329,6.361,3.59100008,-0.032,2.76999992,2.73799992,1.23011,1.34253,1.384397864,1.31379,1.12945,1.532090902,0.95562,0.87896,0.8889606,0.45951,0.37545,0.40878123,0.06398,0.06137,0.190133572,0.18227,0.17665,0.070914097
Sweden,Western Europe,7.364,7.291,7.28399992,0.073,0.00700008,0.08000008,1.33171,1.45181,1.494387269,1.28907,1.08764,1.478162169,0.91087,0.83121,0.830875158,0.6598,0.58218,0.612924099,0.43844,0.40867,0.385399252,0.36262,0.38254,0.384398729
Switzerland,Western Europe,7.587,7.509,7.493999958,0.078,0.015000042,0.093000042,1.39651,1.52733,1.564979553,1.34951,1.14524,1.516911745,0.94143,0.86303,0.858131289,0.66557,0.58557,0.620070577,0.41978,0.41203,0.290549278,0.29678,0.28083,0.367007285
United Kingdom,Western Europe,6.867,6.725,6.714000225,0.142,0.010999775,0.152999775,1.26637,1.40283,1.44163394,1.28548,1.08672,1.49646008,0.90943,0.80991,0.805335939,0.59625,0.50036,0.508190036,0.32067,0.27399,0.492774159,0.51912,0.50156,0.265428066
